{
  "system_info": {
    "platform": "Linux-6.17.0-19-generic-x86_64-with-glibc2.39",
    "python_version": "3.12.3",
    "pytorch_version": "2.11.0+cu126",
    "cpu": "x86_64",
    "cuda_available": true,
    "cuda_version": "12.6",
    "gpu": "NVIDIA Ampere-class GPU"
  },
  "benchmarks": {
    "large_matmul_4096": {
      "pytorch": {
        "latency_mean_us": 127.97151342965662,
        "latency_stdev_us": 7.563694781582514,
        "latency_min_us": 120.82199100404978,
        "latency_max_us": 154.23703007400036,
        "throughput_samples_per_sec": 7814.239069304123,
        "batch_size": 1
      },
      "mind": {
        "latency_mean_us": 80000.0,
        "throughput_samples_per_sec": 12.5
      },
      "latency_speedup": 0.0015996439178707078,
      "throughput_advantage": 0.0015996439178707076
    },
    "mlp_batch32": {
      "pytorch": {
        "latency_mean_us": 181.99977406766266,
        "latency_stdev_us": 32.01634240033862,
        "latency_min_us": 168.96100714802742,
        "latency_max_us": 315.5280137434602,
        "throughput_samples_per_sec": 175824.39409019955,
        "batch_size": 32
      },
      "mind": {
        "latency_mean_us": 1200.0,
        "throughput_samples_per_sec": 26666.666666666668
      },
      "latency_speedup": 0.1516664783897189,
      "throughput_advantage": 0.1516664783897189
    },
    "conv2d_inference": {
      "pytorch": {
        "latency_mean_us": 310.3324136463925,
        "latency_stdev_us": 48.69665704083,
        "latency_min_us": 288.3190172724426,
        "latency_max_us": 515.4100363142788,
        "throughput_samples_per_sec": 25778.808942322023,
        "batch_size": 8
      },
      "mind": {
        "latency_mean_us": 5000.0,
        "throughput_samples_per_sec": 1600.0
      },
      "latency_speedup": 0.062066482729278505,
      "throughput_advantage": 0.0620664827292785
    }
  }
}