{
  "environment": {
    "jax_version": "0.9.0.1",
    "devices": [
      "cuda:0"
    ],
    "cache_disabled": true
  },
  "results": {
    "scalar_math": {
      "jax_mean_ms": 37.52348261186853,
      "jax_samples_ms": [
        36.411209002835676,
        36.20067800511606,
        35.916697001084685,
        37.67952602356672,
        41.40930302673951
      ],
      "mind_criterion_us": 1.77
    },
    "small_matmul": {
      "jax_mean_ms": 127.15286419843324,
      "jax_samples_ms": [
        306.388472992694,
        84.99509398825467,
        80.24163800291717,
        80.96669800579548,
        83.17241800250486
      ],
      "mind_criterion_us": 2.95
    },
    "medium_matmul": {
      "jax_mean_ms": 139.71815120312385,
      "jax_samples_ms": [
        233.8616799970623,
        116.68584900326096,
        121.55677500413731,
        111.5307710133493,
        114.9556809978094
      ],
      "mind_criterion_us": 2.95
    },
    "large_matmul": {
      "jax_mean_ms": 280.61974939191714,
      "jax_samples_ms": [
        898.6458819999825,
        119.92509997799061,
        128.22874399716966,
        122.05151497619227,
        134.24750600825064
      ],
      "mind_criterion_us": 2.95
    },
    "simple_mlp": {
      "jax_mean_ms": 360.51361020072363,
      "jax_samples_ms": [
        700.521670980379,
        257.00785001390614,
        290.57391299284063,
        286.7185400100425,
        267.7460770064499
      ],
      "mind_criterion_us": 6.15
    }
  }
}