{
  "system_info": {
    "platform": "Windows-11-10.0.26200-SP0",
    "python_version": "3.12.0",
    "pytorch_version": "2.8.0.dev20250506+cu128",
    "cpu": "Intel64 Family 6 Model 170 Stepping 4, GenuineIntel",
    "cuda_available": true,
    "cuda_version": "12.8",
    "gpu": "NVIDIA GeForce RTX 4070 Laptop GPU"
  },
  "benchmarks": {
    "scalar_math": {
      "pytorch_mean_us": 400.5300113931298,
      "pytorch_median_us": 388.7999919243157,
      "pytorch_stdev_us": 27.563655690792025,
      "pytorch_min_us": 374.50005766004324,
      "pytorch_max_us": 459.50000640004873,
      "pytorch_samples": 10,
      "mind_mean_us": 5255.380010930821,
      "speedup": 0.07621333006558147
    },
    "small_matmul": {
      "pytorch_mean_us": 417.87000373005867,
      "pytorch_median_us": 405.4500022903085,
      "pytorch_stdev_us": 64.39171193005348,
      "pytorch_min_us": 360.69995258003473,
      "pytorch_max_us": 584.6000276505947,
      "pytorch_samples": 10,
      "mind_mean_us": 5283.749999944121,
      "speedup": 0.07908587721494732
    },
    "medium_matmul": {
      "pytorch_mean_us": 845.2900103293359,
      "pytorch_median_us": 841.6500058956444,
      "pytorch_stdev_us": 33.46437017326666,
      "pytorch_min_us": 785.500044003129,
      "pytorch_max_us": 905.499910004437,
      "pytorch_samples": 10,
      "mind_mean_us": 5367.2549955081195,
      "speedup": 0.15749019024375832
    },
    "large_matmul": {
      "pytorch_mean_us": 1747.82999092713,
      "pytorch_median_us": 1708.2500271499157,
      "pytorch_stdev_us": 171.16636711258087,
      "pytorch_min_us": 1498.800003901124,
      "pytorch_max_us": 2100.4999289289117,
      "pytorch_samples": 10,
      "mind_mean_us": 5356.054997537285,
      "speedup": 0.3263278647681517
    },
    "simple_mlp": {
      "pytorch_mean_us": 748.1900160200894,
      "pytorch_median_us": 689.8500141687691,
      "pytorch_stdev_us": 125.37586840607096,
      "pytorch_min_us": 647.5000409409404,
      "pytorch_max_us": 1050.0000789761543,
      "pytorch_samples": 10,
      "mind_mean_us": 5534.785019699484,
      "speedup": 0.13517959836870286
    },
    "conv2d": {
      "pytorch_mean_us": 4331.4899783581495,
      "pytorch_median_us": 4355.849989224225,
      "pytorch_stdev_us": 130.36350829032168,
      "pytorch_min_us": 4151.199944317341,
      "pytorch_max_us": 4558.90002194792,
      "pytorch_samples": 10,
      "mind_mean_us": 5375.0199906062335,
      "speedup": 0.8058556035006695
    }
  }
}