{
  "system_info": {
    "platform": "Linux-6.14.0-37-generic-x86_64-with-glibc2.39",
    "python_version": "3.12.12",
    "pytorch_version": "2.9.1+cpu",
    "cpu": "x86_64",
    "cuda_available": false
  },
  "benchmarks": {
    "scalar_math": {
      "pytorch_mean_us": 42780.29421111569,
      "pytorch_median_us": 41346.68200276792,
      "pytorch_stdev_us": 4276.121412466234,
      "pytorch_min_us": 39985.74800789356,
      "pytorch_max_us": 54293.812019750476,
      "pytorch_samples": 10,
      "mind_mean_us": 1387.4358381144702,
      "speedup": 30.834070330239015
    },
    "small_matmul": {
      "pytorch_mean_us": 61455.47282649204,
      "pytorch_median_us": 47494.296508375555,
      "pytorch_stdev_us": 42890.9617159332,
      "pytorch_min_us": 43453.41201405972,
      "pytorch_max_us": 182881.58299401402,
      "pytorch_samples": 10,
      "mind_mean_us": 1331.747748190537,
      "speedup": 46.14648150146481
    },
    "medium_matmul": {
      "pytorch_mean_us": 48370.2375786379,
      "pytorch_median_us": 47887.57243659347,
      "pytorch_stdev_us": 3755.6410002662496,
      "pytorch_min_us": 43763.3270630613,
      "pytorch_max_us": 55919.7150869295,
      "pytorch_samples": 10,
      "mind_mean_us": 1306.3468504697084,
      "speedup": 37.027101616424424
    },
    "large_matmul": {
      "pytorch_mean_us": 52398.576971609145,
      "pytorch_median_us": 50352.43695601821,
      "pytorch_stdev_us": 5596.716029474433,
      "pytorch_min_us": 45658.87991338968,
      "pytorch_max_us": 63337.49194163829,
      "pytorch_samples": 10,
      "mind_mean_us": 1352.8758310712874,
      "speedup": 38.7312536510589
    },
    "simple_mlp": {
      "pytorch_mean_us": 64300.52878567949,
      "pytorch_median_us": 63178.35993831977,
      "pytorch_stdev_us": 4653.327536661005,
      "pytorch_min_us": 60093.250940553844,
      "pytorch_max_us": 76001.36497057974,
      "pytorch_samples": 10,
      "mind_mean_us": 1381.8178558722138,
      "speedup": 46.53328838705193
    },
    "conv2d": {
      "pytorch_mean_us": 79273.33498373628,
      "pytorch_median_us": 79871.550493408,
      "pytorch_stdev_us": 6372.8289058280925,
      "pytorch_min_us": 70948.89099244028,
      "pytorch_max_us": 92222.36403729767,
      "pytorch_samples": 10,
      "mind_mean_us": 1506.9667075295001,
      "speedup": 52.60456955528623
    }
  }
}