{
  "scalar_math": {
    "mean_us": 908418.5847488698,
    "median_us": 899533.8435051963,
    "stdev_us": 31480.957961438555,
    "min_us": 875609.971000813,
    "max_us": 981683.6679819971,
    "samples": 20
  },
  "small_matmul": {
    "mean_us": 928328.6010904703,
    "median_us": 928580.4450046271,
    "stdev_us": 17946.197162177705,
    "min_us": 894639.7509425879,
    "max_us": 980663.5569548234,
    "samples": 20
  },
  "medium_matmul": {
    "mean_us": 914881.9730209652,
    "median_us": 910918.3865366504,
    "stdev_us": 23470.101418865845,
    "min_us": 876968.4080034494,
    "max_us": 972096.8340989202,
    "samples": 20
  },
  "large_matmul": {
    "mean_us": 913196.8059868086,
    "median_us": 913649.2809629999,
    "stdev_us": 14895.989847786024,
    "min_us": 885975.7910249755,
    "max_us": 937909.5300100744,
    "samples": 20
  }
}