{
  "scalar_math": {
    "mean_us": 443458.54404964484,
    "median_us": 446190.27597946115,
    "stdev_us": 9905.892078818248,
    "min_us": 421781.7949829623,
    "max_us": 461642.6760039758,
    "samples": 20
  },
  "small_matmul": {
    "mean_us": 501225.6748537766,
    "median_us": 501204.0300061926,
    "stdev_us": 6924.155133343271,
    "min_us": 483040.03398516215,
    "max_us": 517960.51301062107,
    "samples": 20
  },
  "medium_matmul": {
    "mean_us": 571507.2149498155,
    "median_us": 572048.8954975735,
    "stdev_us": 9554.01930137175,
    "min_us": 552319.9669842143,
    "max_us": 584699.9960194807,
    "samples": 20
  },
  "large_matmul": {
    "mean_us": 5871007.499849657,
    "median_us": 5827936.803500052,
    "stdev_us": 167544.64095482437,
    "min_us": 5661049.961985555,
    "max_us": 6222516.367997741,
    "samples": 20
  }
}