{
  "scalar_math": {
    "mean_us": 440910.6565537513,
    "median_us": 441952.24551367573,
    "stdev_us": 11735.84656365244,
    "min_us": 414795.8550020121,
    "max_us": 461744.3190072663,
    "samples": 20
  },
  "small_matmul": {
    "mean_us": 498387.8387531149,
    "median_us": 499644.8239980964,
    "stdev_us": 8351.752575497676,
    "min_us": 485105.1990117412,
    "max_us": 514936.2779920921,
    "samples": 20
  },
  "medium_matmul": {
    "mean_us": 1336751.3751989463,
    "median_us": 1338582.4279976077,
    "stdev_us": 17636.06138564389,
    "min_us": 1310705.762996804,
    "max_us": 1371786.6590013728,
    "samples": 20
  },
  "large_matmul": {
    "mean_us": 13814613.401552197,
    "median_us": 13752180.213487009,
    "stdev_us": 168885.84185250197,
    "min_us": 13638213.008991443,
    "max_us": 14247361.123008886,
    "samples": 20
  }
}